"text","favorited","favoriteCount","replyToSN","created","truncated","replyToSID","id","replyToUID","statusSource","screenName","retweetCount","isRetweet","retweeted","longitude","latitude"
"RT @KiNgKD_4: FSU y'all are still trash just not as trash as UFÌ†ΩÌ∏Ç",FALSE,0,NA,2017-11-25 23:48:00,FALSE,NA,"934569389487161344",NA,"<a href=""http://twitter.com/download/iphone"" rel=""nofollow"">Twitter for iPhone</a>","haileenc",3,TRUE,FALSE,NA,NA
"RT @KiNgKD_4: FSU y'all are still trash just not as trash as UFÌ†ΩÌ∏Ç",FALSE,0,NA,2017-11-25 21:45:29,FALSE,NA,"934538556042874885",NA,"<a href=""http://twitter.com/download/android"" rel=""nofollow"">Twitter for Android</a>","WynnKailyn",3,TRUE,FALSE,NA,NA
"FSU y'all are still trash just not as trash as UFÌ†ΩÌ∏Ç",FALSE,12,NA,2017-11-25 21:43:46,FALSE,NA,"934538124528627712",NA,"<a href=""http://twitter.com/download/iphone"" rel=""nofollow"">Twitter for iPhone</a>","KiNgKD_4",3,FALSE,FALSE,NA,NA
"Yes we lost to FSU again BUT THE MEMES ON THE UF MEME PAGE ABOUT US LOSING ARE THE BEST",FALSE,1,NA,2017-11-25 21:37:55,FALSE,NA,"934536652202151937",NA,"<a href=""http://twitter.com/download/iphone"" rel=""nofollow"">Twitter for iPhone</a>","_magoozii",0,FALSE,FALSE,NA,NA
"First paragraph: includes what UF did in those 5 years (""... win SEC and national titles"")

Second paragraph: only‚Ä¶ https://t.co/spB4jALMP2",FALSE,2,NA,2017-11-25 21:32:18,TRUE,NA,"934535237798907904",NA,"<a href=""http://twitter.com/download/android"" rel=""nofollow"">Twitter for Android</a>","stillwellkk",0,FALSE,FALSE,NA,NA
"Instead of watching Michigan lose today, I‚Äôm watching the UF/FSU game! https://t.co/sXYBssjv17",FALSE,3,NA,2017-11-25 21:28:59,FALSE,NA,"934534404306866180",NA,"<a href=""http://twitter.com/download/iphone"" rel=""nofollow"">Twitter for iPhone</a>","RealJDDuran",0,FALSE,FALSE,NA,NA
"#Gators #UF 
https://t.co/BCZruLKIVY
 
FSU forces 4 turnovers, scores 2 defensive TDs en route to thumping rival Florida",FALSE,0,NA,2017-11-25 21:16:30,FALSE,NA,"934531264148852736",NA,"<a href=""https://ifttt.com"" rel=""nofollow"">IFTTT</a>","FLORIDAGATORSGO",0,FALSE,FALSE,NA,NA
"RT @ge0h_: incoming gator tweets about how atleast they don‚Äôt go to fsu

incoming nole tweets about how uf always loses when they play

inc‚Ä¶",FALSE,0,NA,2017-11-25 21:07:58,FALSE,NA,"934529116585553920",NA,"<a href=""http://twitter.com/download/iphone"" rel=""nofollow"">Twitter for iPhone</a>","seanftwalson",4,TRUE,FALSE,NA,NA
"Pic sums up the #UF game. #UFvsFSU #fsu https://t.co/FCVc5l20EX",FALSE,0,NA,2017-11-25 20:58:42,FALSE,NA,"934526783696834560",NA,"<a href=""http://twitter.com/download/iphone"" rel=""nofollow"">Twitter for iPhone</a>","MercerMorrison",0,FALSE,FALSE,NA,NA
"Jimbo Fisher: ‚ÄúIn a year that many are saying is a lost year, we just did something that‚Äôs never been done before (‚Ä¶ https://t.co/zTqcEOp0QA",FALSE,327,NA,2017-11-25 20:56:41,TRUE,NA,"934526276001509376",NA,"<a href=""http://twitter.com/download/iphone"" rel=""nofollow"">Twitter for iPhone</a>","AriyaMassoudi",61,FALSE,FALSE,NA,NA
"RT @ThomasGoldkamp: Feleipe Franks hits Brandon Powell for a touchdown pass on a slant. Nice end for the senior, even if he won't walk away‚Ä¶",FALSE,0,NA,2017-11-25 20:53:59,FALSE,NA,"934525595899383810",NA,"<a href=""http://twitter.com/download/iphone"" rel=""nofollow"">Twitter for iPhone</a>","NicholasDP20",10,TRUE,FALSE,NA,NA
"With today‚Äôs victory, #FSU head coach Jimbo Fisher improves to 7-1 over #UF and 18-2 against teams from the state o‚Ä¶ https://t.co/DS8x5aI63f",FALSE,8,NA,2017-11-25 20:47:10,TRUE,NA,"934523882807136256",NA,"<a href=""http://twitter.com/download/iphone"" rel=""nofollow"">Twitter for iPhone</a>","bladevine",0,FALSE,FALSE,NA,NA
"FINAL SCORE: #FSU-38, #UF-22, ‚ÄôNoles clinch their 5th straight win over the Gators ‚Äî the longest streak in program‚Ä¶ https://t.co/GpLvcABrWF",FALSE,7,NA,2017-11-25 20:46:43,TRUE,NA,"934523768533344257",NA,"<a href=""http://twitter.com/download/iphone"" rel=""nofollow"">Twitter for iPhone</a>","FSViewSports",2,FALSE,FALSE,NA,NA
"RT @ge0h_: incoming gator tweets about how atleast they don‚Äôt go to fsu

incoming nole tweets about how uf always loses when they play

inc‚Ä¶",FALSE,0,NA,2017-11-25 20:43:08,FALSE,NA,"934522866917433344",NA,"<a href=""http://twitter.com/download/iphone"" rel=""nofollow"">Twitter for iPhone</a>","MichaelTobar_",4,TRUE,FALSE,NA,NA
"RT @ge0h_: incoming gator tweets about how atleast they don‚Äôt go to fsu

incoming nole tweets about how uf always loses when they play

inc‚Ä¶",FALSE,0,NA,2017-11-25 20:42:50,FALSE,NA,"934522789364748289",NA,"<a href=""http://twitter.com/download/iphone"" rel=""nofollow"">Twitter for iPhone</a>","AliAftab_",4,TRUE,FALSE,NA,NA
"RT @ThomasGoldkamp: Feleipe Franks hits Brandon Powell for a touchdown pass on a slant. Nice end for the senior, even if he won't walk away‚Ä¶",FALSE,0,NA,2017-11-25 20:41:28,FALSE,NA,"934522447642218498",NA,"<a href=""http://twitter.com/download/android"" rel=""nofollow"">Twitter for Android</a>","SteelCityGator",10,TRUE,FALSE,NA,NA
"RT @ThomasGoldkamp: Feleipe Franks hits Brandon Powell for a touchdown pass on a slant. Nice end for the senior, even if he won't walk away‚Ä¶",FALSE,0,NA,2017-11-25 20:40:29,FALSE,NA,"934522198680842240",NA,"<a href=""http://twitter.com/download/iphone"" rel=""nofollow"">Twitter for iPhone</a>","_KingFrank18",10,TRUE,FALSE,NA,NA
"RT @ThomasGoldkamp: Feleipe Franks hits Brandon Powell for a touchdown pass on a slant. Nice end for the senior, even if he won't walk away‚Ä¶",FALSE,0,NA,2017-11-25 20:37:18,FALSE,NA,"934521398747435011",NA,"<a href=""http://twitter.com/download/iphone"" rel=""nofollow"">Twitter for iPhone</a>","alexregannnn",10,TRUE,FALSE,NA,NA
"RT @ThomasGoldkamp: Feleipe Franks hits Brandon Powell for a touchdown pass on a slant. Nice end for the senior, even if he won't walk away‚Ä¶",FALSE,0,NA,2017-11-25 20:37:14,FALSE,NA,"934521381290725377",NA,"<a href=""http://twitter.com/download/iphone"" rel=""nofollow"">Twitter for iPhone</a>","floridafan1515",10,TRUE,FALSE,NA,NA
"RT @ThomasGoldkamp: Feleipe Franks hits Brandon Powell for a touchdown pass on a slant. Nice end for the senior, even if he won't walk away‚Ä¶",FALSE,0,NA,2017-11-25 20:35:48,FALSE,NA,"934521022044307458",NA,"<a href=""http://twitter.com/download/iphone"" rel=""nofollow"">Twitter for iPhone</a>","ChrisSimmons69",10,TRUE,FALSE,NA,NA
"RT @ThomasGoldkamp: Feleipe Franks hits Brandon Powell for a touchdown pass on a slant. Nice end for the senior, even if he won't walk away‚Ä¶",FALSE,0,NA,2017-11-25 20:35:30,FALSE,NA,"934520946941186048",NA,"<a href=""http://twitter.com/download/android"" rel=""nofollow"">Twitter for Android</a>","keel_jed",10,TRUE,FALSE,NA,NA
"RT @ThomasGoldkamp: Feleipe Franks hits Brandon Powell for a touchdown pass on a slant. Nice end for the senior, even if he won't walk away‚Ä¶",FALSE,0,NA,2017-11-25 20:35:15,FALSE,NA,"934520882751471617",NA,"<a href=""http://twitter.com/download/iphone"" rel=""nofollow"">Twitter for iPhone</a>","gatorskickass",10,TRUE,FALSE,NA,NA
"RT @ThomasGoldkamp: Feleipe Franks hits Brandon Powell for a touchdown pass on a slant. Nice end for the senior, even if he won't walk away‚Ä¶",FALSE,0,NA,2017-11-25 20:35:02,FALSE,NA,"934520827718053889",NA,"<a href=""http://twitter.com/download/iphone"" rel=""nofollow"">Twitter for iPhone</a>","Gators247_",10,TRUE,FALSE,NA,NA
"Feleipe Franks hits Brandon Powell for a touchdown pass on a slant. Nice end for the senior, even if he won't walk‚Ä¶ https://t.co/gsWqH1sBgk",FALSE,59,NA,2017-11-25 20:34:39,TRUE,NA,"934520732276678656",NA,"<a href=""https://about.twitter.com/products/tweetdeck"" rel=""nofollow"">TweetDeck</a>","ThomasGoldkamp",10,FALSE,FALSE,NA,NA
"How many straight wins does #FSU have over #UF? https://t.co/ySQDYQxcHG",FALSE,76,NA,2017-11-25 20:33:03,FALSE,NA,"934520327106977792",NA,"<a href=""http://twitter.com/download/iphone"" rel=""nofollow"">Twitter for iPhone</a>","AriyaMassoudi",54,FALSE,FALSE,NA,NA
"incoming gator tweets about how atleast they don‚Äôt go to fsu

incoming nole tweets about how uf always loses when t‚Ä¶ https://t.co/S3EAKIeQw8",FALSE,7,NA,2017-11-25 20:29:49,TRUE,NA,"934519513089036288",NA,"<a href=""http://twitter.com/download/iphone"" rel=""nofollow"">Twitter for iPhone</a>","ge0h_",4,FALSE,FALSE,NA,NA
"How I'm looking at all the #UF fans....lol Ì†æÌ¥£Ì†æÌ¥£Ì†æÌ¥£Ì†ΩÌ∏ÇÌ†ΩÌ∏ÇÌ†ΩÌ∏Ç #fsu #uf #noles #gators #college #football‚Ä¶ https://t.co/kvhusFkvQb",FALSE,0,NA,2017-11-25 20:23:42,FALSE,NA,"934517976761552900",NA,"<a href=""http://instagram.com"" rel=""nofollow"">Instagram</a>","SeaQ_Management",0,FALSE,FALSE,"-82.3361","29.6652"
"Congrats to FSU for most likely clinching the Tiolet Bowl championship over UF. Two 4-6 team's battle on the gridiron. What a showdown!",FALSE,3,NA,2017-11-25 20:18:39,FALSE,NA,"934516703165329408",NA,"<a href=""http://twitter.com/download/iphone"" rel=""nofollow"">Twitter for iPhone</a>","MrDavidRojo",0,FALSE,FALSE,NA,NA
"@AschoffESPN Are you watching the game or just the scoreboard? UF matched effort, QB gifted 21 points to FSU. Only difference.",FALSE,4,"AschoffESPN",2017-11-25 20:16:44,FALSE,"934514932288126976","934516222544220160","46589936","<a href=""http://twitter.com/download/iphone"" rel=""nofollow"">Twitter for iPhone</a>","jcmckenzie",0,FALSE,FALSE,NA,NA
"You can smell the animosity &amp; #cte in the air!!!! #uf #universityofflorida #fsu‚Ä¶ https://t.co/WMB2tVD2Lb",FALSE,0,NA,2017-11-25 19:27:11,FALSE,NA,"934503751414513665",NA,"<a href=""http://instagram.com"" rel=""nofollow"">Instagram</a>","MercerMorrison",0,FALSE,FALSE,"-82.3486999","29.65091"
"Nice special teams play all around for UF, which I haven‚Äôt said much this year. Great punt, great coverage. FSU will start at its own 12.",FALSE,0,NA,2017-11-25 19:08:36,FALSE,NA,"934499076212654087",NA,"<a href=""https://about.twitter.com/products/tweetdeck"" rel=""nofollow"">TweetDeck</a>","ebaueri",0,FALSE,FALSE,NA,NA
"RT @ebaueri: Interception. Duke Dawson picks off a bobbled pass, and UF is set up at the FSU 24.",FALSE,0,NA,2017-11-25 19:04:43,FALSE,NA,"934498097723576320",NA,"<a href=""http://twitter.com/download/android"" rel=""nofollow"">Twitter for Android</a>","AleksandrOtelbo",1,TRUE,FALSE,NA,NA
"I don‚Äôt really care much for football but it would be cool to say that I saw UF beat FSU at least once while I was‚Ä¶ https://t.co/4BJBEqfLkl",FALSE,5,NA,2017-11-25 19:02:23,TRUE,NA,"934497511854739456",NA,"<a href=""http://twitter.com/download/iphone"" rel=""nofollow"">Twitter for iPhone</a>","mazzayzay",0,FALSE,FALSE,NA,NA
"RT @GatorBaitPod: Feliepe FSU - 14
Feliepe UF - 13
FSU - 10
Complex scoring here, try to keep up. #FSUvsUF #Gators",FALSE,0,NA,2017-11-25 18:55:18,FALSE,NA,"934495729178910720",NA,"<a href=""http://twitter.com/download/iphone"" rel=""nofollow"">Twitter for iPhone</a>","44JWill",3,TRUE,FALSE,NA,NA
"RT @GatorBaitPod: Feliepe FSU - 14
Feliepe UF - 13
FSU - 10
Complex scoring here, try to keep up. #FSUvsUF #Gators",FALSE,0,NA,2017-11-25 18:54:34,FALSE,NA,"934495542247350273",NA,"<a href=""http://twitter.com/download/iphone"" rel=""nofollow"">Twitter for iPhone</a>","DieHardUFgator",3,TRUE,FALSE,NA,NA
"How you gonna be a UF fan making fun of FSU going to a crappy bowl when you don‚Äôt go to a bowl yourself? Ì†ΩÌ∏ÇÌ†ΩÌ∏ÇÌ†ΩÌ∏Ç",FALSE,116,NA,2017-11-25 18:45:24,FALSE,NA,"934493237070454784",NA,"<a href=""http://twitter.com/download/iphone"" rel=""nofollow"">Twitter for iPhone</a>","TJ_Pittinger",29,FALSE,FALSE,NA,NA
"RT @GatorBaitPod: Feliepe FSU - 14
Feliepe UF - 13
FSU - 10
Complex scoring here, try to keep up. #FSUvsUF #Gators",FALSE,0,NA,2017-11-25 18:44:43,FALSE,NA,"934493063359156224",NA,"<a href=""http://twitter.com/download/iphone"" rel=""nofollow"">Twitter for iPhone</a>","TomKessler1",3,TRUE,FALSE,NA,NA
"Feliepe FSU - 14
Feliepe UF - 13
FSU - 10
Complex scoring here, try to keep up. #FSUvsUF #Gators",FALSE,8,NA,2017-11-25 18:44:09,FALSE,NA,"934492922090844160",NA,"<a href=""http://twitter.com/download/iphone"" rel=""nofollow"">Twitter for iPhone</a>","GatorBaitPod",3,FALSE,FALSE,NA,NA
"RT @GrahamHall_: Pineiro's XP is blocked, #FSU lead remains 24-13. Second missed XP for Pineiro in his UF career.",FALSE,0,NA,2017-11-25 18:37:51,FALSE,NA,"934491337738588160",NA,"<a href=""http://twitter.com/download/android"" rel=""nofollow"">Twitter for Android</a>","Riversidelax39",1,TRUE,FALSE,NA,NA
"Pineiro's XP is blocked, #FSU lead remains 24-13. Second missed XP for Pineiro in his UF career.",FALSE,2,NA,2017-11-25 18:36:30,FALSE,NA,"934490998285193221",NA,"<a href=""https://about.twitter.com/products/tweetdeck"" rel=""nofollow"">TweetDeck</a>","GrahamHall_",1,FALSE,FALSE,NA,NA
"Girl last night asked if I was gonna go to the UF/FSU game and i said ‚ÄúI‚Äôm gonna play IÔ∏èt‚Äù convinced her that I pla‚Ä¶ https://t.co/CaOjA1ywIT",FALSE,41,NA,2017-11-25 18:32:19,TRUE,NA,"934489946181775360",NA,"<a href=""http://twitter.com/download/iphone"" rel=""nofollow"">Twitter for iPhone</a>","DixonBro",1,FALSE,FALSE,NA,NA
"writing an essay while watching it the uf vs fsu game is a special kind of hell",FALSE,8,NA,2017-11-25 18:25:43,FALSE,NA,"934488284344016897",NA,"<a href=""http://twitter.com/download/iphone"" rel=""nofollow"">Twitter for iPhone</a>","skonjalwar",0,FALSE,FALSE,NA,NA
"RT @RobbieAndreu: FSU has turned to UF turnovers into 14 points and the lead.",FALSE,0,NA,2017-11-25 17:54:39,FALSE,NA,"934480464135577602",NA,"<a href=""http://twitter.com/download/iphone"" rel=""nofollow"">Twitter for iPhone</a>","JordanbLee1389",2,TRUE,FALSE,NA,NA
"RT @RobbieAndreu: FSU has turned to UF turnovers into 14 points and the lead.",FALSE,0,NA,2017-11-25 17:54:05,FALSE,NA,"934480324226142209",NA,"<a href=""http://twitter.com/download/iphone"" rel=""nofollow"">Twitter for iPhone</a>","UFupdates",2,TRUE,FALSE,NA,NA
"FSU has turned to UF turnovers into 14 points and the lead.",FALSE,7,NA,2017-11-25 17:53:17,FALSE,NA,"934480122165514240",NA,"<a href=""http://twitter.com"" rel=""nofollow"">Twitter Web Client</a>","RobbieAndreu",2,FALSE,FALSE,NA,NA
"@espn it's ridiculous how crappy your Apple TV stream for the UF v FSU game. Choppy, freezes a lot, skips, sound cu‚Ä¶ https://t.co/ELH9IZZb7h",FALSE,0,"espn",2017-11-25 17:47:41,TRUE,NA,"934478712380239872","2557521","<a href=""http://twitter.com/download/iphone"" rel=""nofollow"">Twitter for iPhone</a>","GaigeFTW",0,FALSE,FALSE,NA,NA
"Frank gets picked on a ball that got knocked into the air. FSU takes over at the UF 19.",FALSE,0,NA,2017-11-25 17:43:19,FALSE,NA,"934477613896290304",NA,"<a href=""https://about.twitter.com/products/tweetdeck"" rel=""nofollow"">TweetDeck</a>","ebaueri",0,FALSE,FALSE,NA,NA
"These FSU and UF fans are arguing behind me and the FSU fan just said to the Florida fan ‚ÄúTHATS WHY YALL 4-6‚Äù https://t.co/HGf1yUEFOk",FALSE,46,NA,2017-11-25 17:37:05,FALSE,NA,"934476044026941441",NA,"<a href=""http://twitter.com/download/iphone"" rel=""nofollow"">Twitter for iPhone</a>","Drea_Dehuete",24,FALSE,FALSE,NA,NA
"Touchdown Florida. After UF regains possession at FSU's 24-yard line off a Duke Dawson interception, Mark Thompson‚Ä¶ https://t.co/gLpbP7XrSh",FALSE,0,NA,2017-11-25 17:34:31,TRUE,NA,"934475397089067009",NA,"<a href=""http://twitter.com"" rel=""nofollow"">Twitter Web Client</a>","dylanrdixon",0,FALSE,FALSE,NA,NA
"Interception. Duke Dawson picks off a bobbled pass, and UF is set up at the FSU 24.",FALSE,1,NA,2017-11-25 17:28:35,FALSE,NA,"934473905590427648",NA,"<a href=""https://about.twitter.com/products/tweetdeck"" rel=""nofollow"">TweetDeck</a>","ebaueri",1,FALSE,FALSE,NA,NA
"RT @RobbieAndreu: FSU's defensive front is very good and the UF offensive line is a patchwork. It's showing early.",FALSE,0,NA,2017-11-25 17:20:06,FALSE,NA,"934471770274492417",NA,"<a href=""http://twitter.com/download/iphone"" rel=""nofollow"">Twitter for iPhone</a>","cayden_phillips",1,TRUE,FALSE,NA,NA
"FSU's defensive front is very good and the UF offensive line is a patchwork. It's showing early.",FALSE,5,NA,2017-11-25 17:17:56,FALSE,NA,"934471226545922048",NA,"<a href=""http://twitter.com"" rel=""nofollow"">Twitter Web Client</a>","RobbieAndreu",1,FALSE,FALSE,NA,NA
"I definitely think FSU beats UF today. They might be bad, but I don‚Äôt think they are that bad.",FALSE,0,NA,2017-11-25 17:08:57,FALSE,NA,"934468966621302784",NA,"<a href=""http://twitter.com/download/iphone"" rel=""nofollow"">Twitter for iPhone</a>","jaypky",0,FALSE,FALSE,NA,NA
"Today is the day Brannon‚Äôs wish comes true. He is 11 years old with a brain tumor, &amp; his wish is to throw the coin‚Ä¶ https://t.co/sHcFgu1Ug2",FALSE,0,NA,2017-11-25 17:00:10,TRUE,NA,"934466752754438144",NA,"<a href=""http://bufferapp.com"" rel=""nofollow"">Buffer</a>","AnnaMCappelli",0,FALSE,FALSE,NA,NA
"RT @MHerndon37: Ron: what did the #fsu grad say to the #uf grad?
Me:what?
Ron: you want fries with that?Ì†ΩÌ∏è
#BEATfsu #FSUHateWeek https://t.c‚Ä¶",FALSE,0,NA,2017-11-25 16:57:42,FALSE,NA,"934466133113139200",NA,"<a href=""https://mobile.twitter.com"" rel=""nofollow"">Twitter Lite</a>","TrapPackVaun",4,TRUE,FALSE,NA,NA
"taylor and i have row 6 for uf vs fsu our last game god i‚Äôm so emotional",FALSE,7,NA,2017-11-25 16:42:30,FALSE,NA,"934462308562108416",NA,"<a href=""http://twitter.com/download/iphone"" rel=""nofollow"">Twitter for iPhone</a>","lisaaamarinelli",0,FALSE,FALSE,NA,NA
"RT @CasperSwag55: Miami makes the playoffs - Ì†ΩÌ≤™
UF hires Chip Kelly - Ì†ΩÌ∏è
FSU fires assistants - Ì†æÌ¥∑‚Äç‚ôÇÔ∏è
FSU will have least momentum going into‚Ä¶",FALSE,0,NA,2017-11-25 16:34:35,FALSE,NA,"934460318146850818",NA,"<a href=""http://twitter.com/download/iphone"" rel=""nofollow"">Twitter for iPhone</a>","aaronisbyke",8,TRUE,FALSE,NA,NA
"RT @CasperSwag55: Miami makes the playoffs - Ì†ΩÌ≤™
UF hires Chip Kelly - Ì†ΩÌ∏è
FSU fires assistants - Ì†æÌ¥∑‚Äç‚ôÇÔ∏è
FSU will have least momentum going into‚Ä¶",FALSE,0,NA,2017-11-25 16:33:05,FALSE,NA,"934459938012835841",NA,"<a href=""http://twitter.com"" rel=""nofollow"">Twitter Web Client</a>","nolesbitch",8,TRUE,FALSE,NA,NA
"RT @CasperSwag55: Miami makes the playoffs - Ì†ΩÌ≤™
UF hires Chip Kelly - Ì†ΩÌ∏è
FSU fires assistants - Ì†æÌ¥∑‚Äç‚ôÇÔ∏è
FSU will have least momentum going into‚Ä¶",FALSE,0,NA,2017-11-25 16:32:47,FALSE,NA,"934459862569902080",NA,"<a href=""http://twitter.com/download/iphone"" rel=""nofollow"">Twitter for iPhone</a>","ADwins3",8,TRUE,FALSE,NA,NA
"Doesn‚Äôt matter what the records are, this game means a lot to both programs. Special rivalry. #FSU #UF https://t.co/VrnkMVtDkX",FALSE,14,NA,2017-11-25 16:24:01,FALSE,NA,"934457655531360256",NA,"<a href=""http://twitter.com/download/iphone"" rel=""nofollow"">Twitter for iPhone</a>","AriyaMassoudi",7,FALSE,FALSE,NA,NA
"UF is SMACKING FSU todayÌ†ΩÌ∞äÌ†ΩÌ∞ä.",FALSE,1,NA,2017-11-25 16:16:22,FALSE,NA,"934455731352424448",NA,"<a href=""http://twitter.com/download/iphone"" rel=""nofollow"">Twitter for iPhone</a>","Fresh03Kid",0,FALSE,FALSE,NA,NA
"RT @MHerndon37: Ron: what did the #fsu grad say to the #uf grad?
Me:what?
Ron: you want fries with that?Ì†ΩÌ∏è
#BEATfsu #FSUHateWeek https://t.c‚Ä¶",FALSE,0,NA,2017-11-25 15:44:18,FALSE,NA,"934447661595480064",NA,"<a href=""http://twitter.com/download/iphone"" rel=""nofollow"">Twitter for iPhone</a>","Tibbits_Carson",4,TRUE,FALSE,NA,NA
"The UF FSU game is going to be a dumpster fire",FALSE,8,NA,2017-11-25 15:36:26,FALSE,NA,"934445683792384002",NA,"<a href=""http://twitter.com/download/iphone"" rel=""nofollow"">Twitter for iPhone</a>","maxplager",0,FALSE,FALSE,NA,NA
"RT @UFCheer: #UFCheer + Game days in the #Swamp = Ì†ΩÌ∏çÌ†ΩÌ∞ä LIKE this tweet if you will be at the #UF vs. #FSU game this Saturday! #GoGators #Beat‚Ä¶",FALSE,0,NA,2017-11-25 15:30:25,FALSE,NA,"934444167496904704",NA,"<a href=""http://twitter.com/download/iphone"" rel=""nofollow"">Twitter for iPhone</a>","NickCalvacca",15,TRUE,FALSE,NA,NA
"RT @MHerndon37: Ron: what did the #fsu grad say to the #uf grad?
Me:what?
Ron: you want fries with that?Ì†ΩÌ∏è
#BEATfsu #FSUHateWeek https://t.c‚Ä¶",FALSE,0,NA,2017-11-25 15:27:58,FALSE,NA,"934443551328538626",NA,"<a href=""http://twitter.com/download/iphone"" rel=""nofollow"">Twitter for iPhone</a>","GatorsDominate",4,TRUE,FALSE,NA,NA
"RT @MHerndon37: Ron: what did the #fsu grad say to the #uf grad?
Me:what?
Ron: you want fries with that?Ì†ΩÌ∏è
#BEATfsu #FSUHateWeek https://t.c‚Ä¶",FALSE,0,NA,2017-11-25 15:24:24,FALSE,NA,"934442654422757376",NA,"<a href=""http://twitter.com/download/android"" rel=""nofollow"">Twitter for Android</a>","jae2311",4,TRUE,FALSE,NA,NA
"Ron: what did the #fsu grad say to the #uf grad?
Me:what?
Ron: you want fries with that?Ì†ΩÌ∏è
#BEATfsu #FSUHateWeek https://t.co/pZ5U7v4AzP",FALSE,32,NA,2017-11-25 15:23:38,FALSE,NA,"934442462168444929",NA,"<a href=""http://twitter.com/download/iphone"" rel=""nofollow"">Twitter for iPhone</a>","MHerndon37",4,FALSE,FALSE,NA,NA
"Whoever say fsu is better than UF, just shut up and fade me... cause if you want to be FACTUAL, y'all have only bee‚Ä¶ https://t.co/VL6npjiA41",FALSE,0,NA,2017-11-25 15:16:38,TRUE,NA,"934440700673916930",NA,"<a href=""http://twitter.com/download/android"" rel=""nofollow"">Twitter for Android</a>","ThatGuy_Kay97",0,FALSE,FALSE,NA,NA
"RT @FLORIDAGATORSGO: #Gators #UF 
https://t.co/CAb9RyxDOK
 
Preview: Rivals Florida, FSU carry disappointing records into annual showdown",FALSE,0,NA,2017-11-25 15:13:23,FALSE,NA,"934439883069952000",NA,"<a href=""http://twitter.com/download/iphone"" rel=""nofollow"">Twitter for iPhone</a>","4everconstant",1,TRUE,FALSE,NA,NA
"#Gators #UF 
https://t.co/CAb9RyxDOK
 
Preview: Rivals Florida, FSU carry disappointing records into annual showdown",FALSE,1,NA,2017-11-25 15:10:12,FALSE,NA,"934439081878212610",NA,"<a href=""https://ifttt.com"" rel=""nofollow"">IFTTT</a>","FLORIDAGATORSGO",1,FALSE,FALSE,NA,NA
"#Gators Beat FSU.Text 352-805-1118 ‚ÄúBeatFSU‚ÄúAndGetYourMassageTreat #smallbusinessSaturday #UF #Football #Massage @UFSmallBusiness @UF",FALSE,1,NA,2017-11-25 15:03:46,FALSE,NA,"934437462730006529",NA,"<a href=""http://twitter.com/download/iphone"" rel=""nofollow"">Twitter for iPhone</a>","Gville_Massage",0,FALSE,FALSE,NA,NA
"#Gators CB Duke Dawson trolled everyone when he committed, wearing FSU shirt and doing chop before pulling off FSU‚Ä¶ https://t.co/Ftakv5oELE",FALSE,218,NA,2017-11-25 14:35:54,TRUE,NA,"934430448964468736",NA,"<a href=""http://twitter.com/download/iphone"" rel=""nofollow"">Twitter for iPhone</a>","ThomasGoldkamp",31,FALSE,FALSE,NA,NA
"Whoever decided the UF FSU game should be a morning one is a dick",FALSE,3,NA,2017-11-25 14:20:11,FALSE,NA,"934426493270323201",NA,"<a href=""http://twitter.com/download/iphone"" rel=""nofollow"">Twitter for iPhone</a>","razxo_",0,FALSE,FALSE,NA,NA
"FSU bout to beat the Hell out of UF. Let‚Äôs gooooo.",FALSE,21,NA,2017-11-25 14:19:27,FALSE,NA,"934426308448280577",NA,"<a href=""http://twitter.com/download/iphone"" rel=""nofollow"">Twitter for iPhone</a>","TJ_Pittinger",3,FALSE,FALSE,NA,NA
"RT @Szuba333: I was just gifted two PHENOMENAL seats for the UF/FSU game for free as a TYFYS. Good people are great and we're so thankful.‚Ä¶",FALSE,0,NA,2017-11-25 12:25:31,FALSE,NA,"934397636991479809",NA,"<a href=""http://twitter.com/download/iphone"" rel=""nofollow"">Twitter for iPhone</a>","JacobGralton",1,TRUE,FALSE,NA,NA
"Good morning Ì†ΩÌ∏Å I'll be back on the water after this UF vs. FSU tailgate!
#trout #fisherman‚Ä¶ https://t.co/IoDl5SZVXx",FALSE,0,NA,2017-11-25 10:53:27,FALSE,NA,"934374469216354304",NA,"<a href=""http://instagram.com"" rel=""nofollow"">Instagram</a>","djvinnyfoo",0,FALSE,FALSE,NA,NA
"Hey guys drunk tweeting live from my house and in a few hours we will take on UF/FSU tailgating and may the odds be‚Ä¶ https://t.co/ZhtMWcIOlT",FALSE,16,NA,2017-11-25 08:20:46,TRUE,NA,"934336043616227328",NA,"<a href=""http://twitter.com/download/iphone"" rel=""nofollow"">Twitter for iPhone</a>","aekelly_",0,FALSE,FALSE,NA,NA
"When kids that go to FSU talk shit about UF

First of all, I don‚Äôt see how you can hate from outside of the club, you can‚Äôt even get in",FALSE,21,NA,2017-11-25 02:12:27,FALSE,NA,"934243352534544384",NA,"<a href=""http://twitter.com/download/iphone"" rel=""nofollow"">Twitter for iPhone</a>","braylyny",2,FALSE,FALSE,NA,NA
"I was just gifted two PHENOMENAL seats for the UF/FSU game for free as a TYFYS. Good people are great and we're so‚Ä¶ https://t.co/Okso4eQPNQ",FALSE,19,NA,2017-11-25 01:03:03,TRUE,NA,"934225888908075018",NA,"<a href=""http://twitter.com/download/iphone"" rel=""nofollow"">Twitter for iPhone</a>","Szuba333",1,FALSE,FALSE,NA,NA
"This game will put the UF/FSU game to shame.",FALSE,0,NA,2017-11-25 00:10:06,FALSE,NA,"934212564229246977",NA,"<a href=""https://mobile.twitter.com"" rel=""nofollow"">Twitter Lite</a>","Mr_Chuckie16",0,FALSE,FALSE,NA,NA
